7E7525F3CE87;192.168.10.110
D57074ADAEAD;192.168.10.111
0BF710236F65;192.168.10.112
A4D2772BA14A;192.168.10.113
12DD18C03A28;192.168.10.133
C78015C35A99;192.168.10.134
1E0969A4353A;192.168.10.135
F80B9BEF10A2;192.168.10.136
75306C69BE83;192.168.10.137
A7CEF5F107E6;192.168.10.138
73B97278BEA1;192.168.10.195
7B6930126E94;192.168.10.196
DAF5C003305D;192.168.10.197
36E2339D9864;192.168.10.198
5B9813C1146F;192.168.10.102
95E6B122361F;192.168.10.103
CDECD2F759D3;192.168.10.104
62C3A197BE43;192.168.10.105
86069A8D78E4;192.168.10.106
54C1CB2D1186;192.168.10.107
166051EB6BF2;192.168.10.108
6383AA8178BD;192.168.10.109
9045A2A28C5F;192.168.10.117
EB6BF2166051;192.168.10.156
8178BD6383AA;192.168.10.157
ED0C7522E8AC;192.168.10.158
9313570A82D1;192.168.10.181
9813C1146F5B;192.168.10.182
E6B122361F95;192.168.10.183
ECD2F759D3CD;192.168.10.184
C3A197BE4362;192.168.10.190
C3A197BE4462;192.168.10.191
C3A197BE4562;192.168.10.192
C3A197BE4662;192.168.10.116
C3A197BE4762;192.168.10.193
C3A197BE4862;192.168.10.194
